client_id,name,date_of_birth,city
1,Jordan Lane,1955-12-22,West Timothybury
2,Tyler Berry,1968-09-06,Clarkechester
3,Sarah Black,1984-06-04,North Elizabethtown
4,Tonya Wiley,1979-07-16,Reedstad
5,Stephen Medina,1959-11-17,West Timothybury
6,Christopher Young,1999-12-14,Lake Bradleyborough
7,Lee Hanna,1980-06-01,Lake Bradleyborough
8,David Butler,1962-06-02,Patrickmouth
9,Alison Farmer,1969-11-23,Reedstad
10,Thomas Ramos,1987-03-31,Port Christinahaven
11,Cristina Morris,1958-12-09,Clarkechester
12,Janice Greene,1990-03-17,Lake Bradleyborough
13,Christopher Hale,1985-12-16,Port Christinahaven
14,Billy Foley,1955-02-28,Clarkechester
15,Carolyn Page,1961-10-07,Port Christinahaven
16,Harold Gonzalez,1999-06-04,Lake Bradleyborough
17,Kathryn Curtis,1948-11-22,Reedstad
18,Julia Hart,1958-04-16,North Elizabethtown
19,Martha Smith,1944-11-28,Reedstad
20,Suzanne Young,1938-12-18,Clarkechester
21,Lisa Martinez,1982-06-11,Lake Bradleyborough
22,Michaela Glover,1991-06-27,Port Christinahaven
23,Stephen Fisher,,Schneiderhaven
24,Christopher White,1948-08-14,West Timothybury
25,Courtney Franklin,1947-03-27,West Timothybury
26,Hector Vasquez,1970-05-09,East Chelsealand
27,Kristen Melendez,1966-11-17,Reedstad
28,Kari Wright,1954-10-09,West Timothybury
29,Wayne Bryant,,Patrickmouth
30,Melissa Fox,1949-02-20,Schneiderhaven
31,Justin Schmidt,1942-06-14,Lake Christopherport
32,Paul Foster,1989-09-26,Clarkechester
33,William Harrison,1956-05-02,North Elizabethtown
34,Dalton Sanders,1997-11-10,Port Christinahaven
35,James Nixon,1950-10-30,Schneiderhaven
36,Robert Howard,1959-12-14,Reedstad
37,Norma Rivera,1978-01-23,Patrickmouth
38,Brian Baxter,1974-05-22,Lake Bradleyborough
39,Daniel Munoz,,Port Christinahaven
40,Susan Thompson,,Reedstad
41,Joshua Castro,,Lake Bradleyborough
42,Omar Robinson,1986-05-23,East Chelsealand
43,Marilyn Steele,1940-10-17,East Chelsealand
44,Jeffrey Prince,1943-11-12,North Elizabethtown
45,Kayla Hamilton,,Schneiderhaven
46,Elizabeth Lewis,,Lake Bradleyborough
47,Brian Black,1941-04-15,Lake Bradleyborough
48,David Ruiz,1964-04-11,North Elizabethtown
49,Elizabeth Stevens,1976-05-11,Lake Bradleyborough
50,Lisa Gonzalez,1984-04-27,East Chelsealand
51,Jessica Avery,1981-01-05,Schneiderhaven
52,Tonya Owen,1961-12-11,East Chelsealand
53,Joseph Reeves,1998-03-20,North Elizabethtown
54,Jorge Morris,1995-07-06,West Timothybury
55,Kathy Anderson,,East Chelsealand
56,Steven Shaw,1987-09-03,Port Christinahaven
57,Edgar Moore,,East Chelsealand
58,Andrew Preston,1976-03-07,Clarkechester
59,Raymond Briggs,1963-11-12,Clarkechester
60,Stephen Reed,1953-04-03,Schneiderhaven
61,Donna Estrada,1982-01-22,Port Christinahaven
62,Joe Buck,1994-06-30,Clarkechester
63,Tracy Henry,,Reedstad
64,Michael Robbins,1977-04-11,Reedstad
65,Jacqueline Coleman,1962-08-29,Patrickmouth
66,Amy Abbott,1939-06-21,Port Christinahaven
67,Matthew Smith,1947-05-08,Schneiderhaven
68,Steven Schultz,1993-07-01,Schneiderhaven
69,Mariah Castro,1995-06-04,Lake Bradleyborough
70,Juan Henry,1989-06-03,North Elizabethtown
71,Sara Morales,1995-12-15,Patrickmouth
72,Emily Houston,1971-09-19,Patrickmouth
73,Anna Perkins,1991-11-22,Clarkechester
74,Natalie Torres,1964-11-12,Lake Bradleyborough
75,Deborah Cole,1939-10-17,Patrickmouth
76,Charlene Hale,1974-01-23,Reedstad
77,Tyler Garcia,1965-02-13,Clarkechester
78,Jared Bender,1976-08-12,North Elizabethtown
79,Kimberly Rodriguez,2000-02-22,Schneiderhaven
80,Jeffrey Monroe,1941-10-19,Reedstad
81,Douglas Walker,1966-08-10,East Chelsealand
82,Jeffrey Smith,1972-04-06,Clarkechester
83,Luis Hebert,1977-05-24,Port Christinahaven
84,Kelly Tapia,1947-12-13,Port Christinahaven
85,Jennifer Guzman,1978-08-16,West Timothybury
86,Anna Warren,,North Elizabethtown
87,Helen Turner,,Lake Bradleyborough
88,Linda Garner,1969-04-01,West Timothybury
89,Zachary Davis,1998-12-22,Lake Christopherport
90,Christina Greene,,West Timothybury
91,Melissa Graham,1964-05-12,Clarkechester
92,Heather Frost,1947-05-17,Lake Bradleyborough
93,Matthew Hooper,1995-08-02,Port Christinahaven
94,Lisa Newman,1999-11-11,West Timothybury
95,James Washington,1955-05-26,Lake Christopherport
96,Larry Chambers,1987-08-19,Lake Christopherport
97,Latoya Green,1960-07-10,West Timothybury
98,Christine Hart,1995-05-25,Lake Bradleyborough
99,Sherry Payne,1968-12-16,Lake Christopherport
100,Kurt Dennis,1971-01-05,East Chelsealand
